{
    "Accuracy": 0.9575713240673006,
    "Precision": 0.9177215189873418,
    "Recall": 0.7631578947368421,
    "auc": 0.8760564325001118
}
