{
    "Accuracy": 0.9553679131483716,
    "Precision": 0.8877551020408163,
    "Recall": 0.7699115044247787,
    "auc": 0.8772741879665793
}
